{
  "metrics": {
    "vus": {
      "type": "gauge",
      "contains": "default",
      "values": {
        "max": 2,
        "value": 2,
        "min": 2
      }
    },
    "http_req_waiting": {
      "type": "trend",
      "contains": "time",
      "values": {
        "avg": 330.14292857142857,
        "min": 247.217,
        "med": 312.747,
        "max": 454.096,
        "p(90)": 434.7733,
        "p(95)": 442.09375
      }
    },
    "http_req_duration{expected_response:true}": {
      "type": "trend",
      "contains": "time",
      "values": {
        "p(95)": 443.87675,
        "avg": 332.32542857142863,
        "min": 247.859,
        "med": 316.342,
        "max": 457.062,
        "p(90)": 435.8101
      }
    },
    "http_req_connecting": {
      "type": "trend",
      "contains": "time",
      "values": {
        "avg": 2.044642857142857,
        "min": 0,
        "med": 0,
        "max": 14.34,
        "p(90)": 9.999500000000015,
        "p(95)": 14.30425
      }
    },
    "http_req_blocked": {
      "type": "trend",
      "contains": "time",
      "values": {
        "p(95)": 158.5545,
        "avg": 22.680714285714288,
        "min": 0.001,
        "med": 0.002,
        "max": 159.419,
        "p(90)": 110.66320000000017
      }
    },
    "http_req_receiving": {
      "type": "trend",
      "contains": "time",
      "values": {
        "p(95)": 3.016349999999999,
        "avg": 0.9914285714285717,
        "min": 0.145,
        "med": 0.597,
        "max": 4.681,
        "p(90)": 2.0213000000000005
      }
    },
    "http_req_failed": {
      "type": "rate",
      "contains": "default",
      "values": {
        "fails": 14,
        "rate": 0,
        "passes": 0
      }
    },
    "data_received": {
      "type": "counter",
      "contains": "data",
      "values": {
        "count": 42537,
        "rate": 2575.3977556737823
      }
    },
    "http_req_duration": {
      "type": "trend",
      "contains": "time",
      "values": {
        "min": 247.859,
        "med": 316.342,
        "max": 457.062,
        "p(90)": 435.8101,
        "p(95)": 443.87675,
        "avg": 332.32542857142863
      }
    },
    "checks": {
      "type": "rate",
      "contains": "default",
      "values": {
        "rate": 1,
        "passes": 28,
        "fails": 0
      }
    },
    "iteration_duration": {
      "values": {
        "med": 2341.1706875,
        "max": 2488.275958,
        "p(90)": 2479.078058,
        "p(95)": 2487.40763925,
        "avg": 2358.975883857143,
        "min": 2249.47725
      },
      "type": "trend",
      "contains": "time"
    },
    "http_req_sending": {
      "type": "trend",
      "contains": "time",
      "values": {
        "p(90)": 3.1379,
        "p(95)": 3.22245,
        "avg": 1.1910714285714286,
        "min": 0.153,
        "med": 0.49550000000000005,
        "max": 3.253
      }
    },
    "http_reqs": {
      "type": "counter",
      "contains": "default",
      "values": {
        "count": 14,
        "rate": 0.8476283842168689
      }
    },
    "iterations": {
      "type": "counter",
      "contains": "default",
      "values": {
        "count": 14,
        "rate": 0.8476283842168689
      }
    },
    "vus_max": {
      "type": "gauge",
      "contains": "default",
      "values": {
        "value": 2,
        "min": 2,
        "max": 2
      }
    },
    "data_sent": {
      "type": "counter",
      "contains": "data",
      "values": {
        "count": 4866,
        "rate": 294.61140839994886
      }
    },
    "http_req_tls_handshaking": {
      "type": "trend",
      "contains": "time",
      "values": {
        "avg": 4.792571428571429,
        "min": 0,
        "med": 0,
        "max": 34.295,
        "p(90)": 22.960700000000035,
        "p(95)": 33.3239
      }
    }
  },
  "root_group": {
    "name": "",
    "path": "",
    "id": "d41d8cd98f00b204e9800998ecf8427e",
    "groups": [],
    "checks": [
        {
          "name": "status is 200",
          "path": "::status is 200",
          "id": "6210a8cd14cd70477eba5c5e4cb3fb5f",
          "passes": 14,
          "fails": 0
        },
        {
          "path": "::response time < 500ms",
          "id": "3e02485a995423a591645f4eee6c60eb",
          "passes": 14,
          "fails": 0,
          "name": "response time < 500ms"
        }
      ]
  },
  "options": {
    "summaryTrendStats": [
      "avg",
      "min",
      "med",
      "max",
      "p(90)",
      "p(95)"
    ],
    "summaryTimeUnit": "",
    "noColor": false
  },
  "state": {
    "testRunDurationMs": 16516.672,
    "isStdOutTTY": true,
    "isStdErrTTY": true
  }
}